epoch,normalized_train_mse,validation_rmse,validation_mae,validation_r2,learning_rate
1,0.5187570008942749,1.2569286867367564,0.9452745151546226,0.7210381946567805,0.001
2,0.38264614844931083,1.1754437714160035,0.8866423619382338,0.7560351903751719,0.001
3,0.35305076584305606,1.1310010962526265,0.8489665132754545,0.7741346971108894,0.001
4,0.3309166208557114,1.1404467433611405,0.8656839654367217,0.7703462785725592,0.001
5,0.31700510137467514,1.0886004968362533,0.8126816023657529,0.7907523809755843,0.001
6,0.30709485880814386,1.0859126599219235,0.8176523360455326,0.7917844017090777,0.001
7,0.3022328843637207,1.049020621352988,0.7808932986244685,0.8056916250768618,0.001
8,0.30092240332250114,1.2359422226853471,0.9357258419672969,0.7302758664897202,0.001
9,0.289266880509496,1.0932843540088875,0.8177045461229645,0.7889478724472163,0.001
10,0.28939602006117693,1.0789726439098748,0.8044866532924294,0.7944372892084772,0.001
11,0.2841620575036415,1.0317544137936525,0.772195385886466,0.8120353676991301,0.001
12,0.27894768557983346,1.0472238173469348,0.7838530898214329,0.8063566931490289,0.001
13,0.2831493763123338,1.0878882724202799,0.8127547303825539,0.7910260948151762,0.001
14,0.2693966335951605,1.0776605700045774,0.8138499754551668,0.7949369301939435,0.001
15,0.2702404036410656,1.013426879338199,0.7563042682393083,0.8186538639150956,0.001
16,0.27483352685232887,1.016044125249516,0.7611816702493067,0.8177159761953428,0.001
17,0.27139026293590085,1.079091573196256,0.8057838875640009,0.7943919705917497,0.001
18,0.26225244539882875,1.0544417994462527,0.8050767481420936,0.803678123839401,0.001
19,0.26541454255031,1.0232277706339952,0.7626873785322297,0.8151292915315126,0.001
20,0.26372587311027174,1.014923525277482,0.7584343264655741,0.8181178383253698,0.001
21,0.2620291724045944,1.0183425422750507,0.7555209726524104,0.8168903455592942,0.001
22,0.25787772974047946,1.0079694192818374,0.7524079904875205,0.8206017587251372,0.001
23,0.2522515535836775,1.0979391774966973,0.8253111124742876,0.7871468738738702,0.001
24,0.26128884636314975,1.0085020274247112,0.7490316902304555,0.8204121216068062,0.001
25,0.2550914207114018,1.1519822376546338,0.869404368802482,0.765676937830295,0.001
26,0.26224092149944894,1.022559066635333,0.7803721535308228,0.8153708474977897,0.001
27,0.254575880880199,1.059943287339431,0.7959737129939604,0.8016241840080517,0.001
28,0.2597355963927505,1.0993023092084886,0.8125589767494625,0.7866180158713569,0.001
29,0.25507829031980617,1.0374346199082947,0.7665136084280709,0.80996003498686,0.001
30,0.24281532562564825,1.0718978084021062,0.7999546221524014,0.7971242050810536,0.001
31,0.24101324271456032,1.0629946128741194,0.7974893558233017,0.8004803860881059,0.001
32,0.2579218209873691,0.9943174595395398,0.746574247372972,0.8254283971824993,0.001
33,0.24777930824932592,0.9951722148978319,0.7404151902800054,0.8251281306076127,0.001
34,0.24513485796399925,1.0165312807799505,0.7532855597478911,0.8175411374134132,0.001
35,0.25550464783493954,0.9882875774914863,0.7325664980818751,0.8275393012205878,0.001
36,0.2508135972885002,0.990246812061317,0.7409050903905543,0.8268548326563381,0.001
37,0.24153158762809154,0.9782082853009624,0.728013574379109,0.8310391279272928,0.001
38,0.2483680508707054,1.0082832884089072,0.7540415870473964,0.8204900165729498,0.001
39,0.23913011341581755,0.9998573198402543,0.7442779745097923,0.8234777195634099,0.001
40,0.24461174161855925,1.015836854688306,0.7568912894454147,0.81779033961568,0.001
41,0.24212194763015404,0.9857086208778123,0.7291827821230749,0.8284382062627695,0.001
42,0.2409330810601897,0.9842707985695592,0.7325574639534665,0.8289383448640462,0.001
43,0.24015979310426663,1.0238327126116926,0.7661046872158372,0.8149106322760116,0.001
44,0.24197539015717806,1.0613258322938648,0.7898700418879542,0.8011063405430806,0.001
45,0.24388755335138673,1.1114801054733245,0.8372846639246754,0.7818642457793392,0.001
46,0.24169101632522827,0.9823097041746337,0.7388431496357858,0.8296193238275978,0.001
47,0.23511235576722214,1.0580696667693643,0.7923680556308197,0.8023248866038257,0.001
48,0.23223438977732955,1.0190810581787564,0.755434559002659,0.8166246620168505,0.0005
49,0.22641515474791896,1.01409433883004,0.7526151873912558,0.8184149101984288,0.0005
50,0.22144210880724627,0.9864288819017704,0.7275761937578582,0.8281873929557149,0.0005
51,0.22276878087561086,1.0051435334015113,0.7524747733888187,0.8216062501444286,0.0005
52,0.2232119040619739,1.0586402605769691,0.7914595014512532,0.8021116253936318,0.0005
53,0.22045886825393077,0.9762385418982222,0.7168975004644276,0.8317188900832013,0.0005
54,0.22683424960962828,1.0455963485011772,0.7733562688482526,0.8069580995743495,0.0005
55,0.21973288237355199,0.9882423581435686,0.727049435894619,0.827555082825265,0.0005
56,0.22690727557129745,1.0461374852382053,0.7736136019583374,0.80675823450052,0.0005
57,0.22211383292701797,1.022834007383973,0.7580745090430653,0.8152715497586224,0.0005
58,0.22366358560145994,1.0395537189108353,0.7678002785536353,0.8091828779676771,0.0005
59,0.21844951067279728,1.0092943641312093,0.7539671860206533,0.8201298217970102,0.0005
60,0.2158625809935775,1.0224725177233842,0.758730926937094,0.8154021000220455,0.0005
61,0.2195604668392474,1.0518105598187122,0.7818168586700398,0.8046566991952906,0.0005
62,0.22421412166745477,0.9694664650447803,0.7127924925395772,0.8340454934014325,0.0005
63,0.21915660805124573,0.9701701694742487,0.7167258166212481,0.8338044839182304,0.0005
64,0.2174006549133179,1.0098372104616917,0.7524791022757366,0.8199362843556399,0.0005
65,0.21843253874431273,0.9766849678629821,0.7176028407854547,0.8315649477204282,0.0005
66,0.2176618868793168,0.9590873542445086,0.7038567853662584,0.8375798908077173,0.0005
67,0.21566906734765062,1.041991308139889,0.7692395695543425,0.8082869567939943,0.0005
68,0.22001053045213279,0.986606323119106,0.7299232833428534,0.8281255752601625,0.0005
69,0.2205613000035238,0.9914142278133864,0.728415639320134,0.826446345516292,0.0005
70,0.21905931377533622,1.028024118463,0.7677595358479286,0.8133920782819892,0.0005
71,0.2175048729572916,0.9863198912577499,0.7264530320542598,0.828225358048828,0.0005
72,0.2127841807775342,1.0651675359036081,0.796033161535754,0.7996638553731756,0.0005
73,0.21086053655442108,1.0105084331480019,0.746915888135985,0.8196968338432724,0.0005
74,0.21249621923251305,1.0214509660894195,0.7684705609344384,0.8157707790424762,0.0005
75,0.21799833305715033,1.0024553155420326,0.7469090310586198,0.8225591886340169,0.0005
76,0.2181568142484417,1.043036065588884,0.7790298553418367,0.807902320106404,0.0005
77,0.21815998503483303,0.9820995638922373,0.7279563681657003,0.8296922132912585,0.00025
78,0.2064842719543361,0.9921835411790948,0.7388266437979469,0.8261768941702327,0.00025
79,0.21087404855640676,0.9856212979568907,0.7242910512097978,0.8284686018848476,0.00025
80,0.21014854935365082,0.9929457637913002,0.734544685625644,0.8259097202286324,0.00025
81,0.20899609578438408,1.0546722852673889,0.7850168661504591,0.8035922881786887,0.00025
82,0.2096573709126605,1.022944598071961,0.7616900225455416,0.8152316012416989,0.00025
83,0.21057826490592854,0.9941799423905093,0.7345986989979305,0.8254766814176767,0.00025
84,0.2088717015043971,0.9798580392859345,0.7306006598750455,0.8304687403569109,0.00025
85,0.20832053914134205,1.0503438292294363,0.7840848164781173,0.8052011246555036,0.00025
86,0.20589842209683365,1.0354097261761823,0.7612582570362361,0.8107011615783278,0.00025
87,0.20718446160354212,1.0037589619900167,0.7440515725197772,0.8220973815282571,0.00025
88,0.2034921916447025,0.976850626948719,0.7228886946521764,0.8315078051124589,0.000125
89,0.2031454148896956,0.9980709455122503,0.7375363794206744,0.8241079158335989,0.000125
90,0.20073921510658094,0.9985337430351383,0.7427619836722554,0.8239447585068778,0.000125
91,0.20600385447685884,1.0214862829050777,0.7624283326613195,0.8157580393180428,0.000125
92,0.203259330595029,1.0087116214863643,0.7531644332644092,0.8203374673905606,0.000125
93,0.2006992853003432,0.9695530595250917,0.7183514783042131,0.8340158453701024,0.000125
94,0.19733322642794393,1.0274918653313958,0.7637260937630937,0.8135852584556623,0.000125
95,0.20016443275531867,0.9745345028798165,0.7231107000779152,0.8323058517636436,0.000125
96,0.2040556113395418,0.9909692799316157,0.7338628358428163,0.8266020927307929,0.000125
97,0.20537130348957194,0.9922753570112892,0.7370008461337638,0.82614472179304,0.000125
98,0.20169760366105544,0.9817413306117462,0.7308918349235946,0.8298164344849088,0.000125
99,0.19847149632324237,1.00667288283352,0.7484087720804795,0.8210629766181975,6.25e-05
100,0.2018271346297202,0.9822820596530571,0.7257087272980829,0.8296289135241713,6.25e-05
101,0.20242699005854353,0.9861256048855171,0.7317345747158789,0.8282930240978462,6.25e-05
102,0.2014603636603987,0.9628597632192981,0.7106659689463435,0.836299673566201,6.25e-05
103,0.19902479171410237,0.9990789534127384,0.7381493055910586,0.8237524498335262,6.25e-05
104,0.19867834739505583,0.987193450181413,0.7290159777647935,0.8279209502744915,6.25e-05
105,0.19877639970353522,1.0239782648312,0.7602720587205052,0.8148580024217211,6.25e-05
106,0.20200508161094166,0.9738844936877713,0.7210814058560544,0.8325294793219667,6.25e-05
